city,name,url,score,lat,lon
Strasbourg,Budget Hôtel Weber - Strasbourg Centre Gare,https://www.booking.com/hotel/fr/weber.fr.html?aid=304142&label=gen173nr-10CAQoggJCEXNlYXJjaF9zdHJhc2JvdXJnSA1YBGhNiAEBmAEzuAEXyAEM2AED6AEB-AEBiAIBqAIBuAKvkc3PBsACAdICJGUzOTM4NjgzLWMxNWItNGU4Ni05OWQ3LTUxZGM2M2E5ZmFiMtgCAeACAQ&ucfs=1&arphpl=1&group_adults=2&req_adults=2&no_rooms=1&group_children=0&req_children=0&hpos=20&hapos=20&sr_order=popularity&srpvid=b7055697fff400cf&srepoch=1777551540&from=searchresults,7.2,48.58124305643712,7.732144743204117
Strasbourg,Séjours & Affaires Strasbourg Kleber,https://www.booking.com/hotel/fr/residhome-strasbourg-kleber.fr.html?aid=304142&label=gen173nr-10CAQoggJCEXNlYXJjaF9zdHJhc2JvdXJnSA1YBGhNiAEBmAEzuAEXyAEM2AED6AEB-AEBiAIBqAIBuAKvkc3PBsACAdICJGUzOTM4NjgzLWMxNWItNGU4Ni05OWQ3LTUxZGM2M2E5ZmFiMtgCAeACAQ&ucfs=1&arphpl=1&group_adults=2&req_adults=2&no_rooms=1&group_children=0&req_children=0&hpos=19&hapos=19&sr_order=popularity&srpvid=b7055697fff400cf&srepoch=1777551540&from=searchresults,7.8,48.583196671844235,7.742852121591568
Strasbourg,City Résidence Strasbourg Centre,https://www.booking.com/hotel/fr/appart-victoria-garden-strasbourg.fr.html?aid=304142&label=gen173nr-10CAQoggJCEXNlYXJjaF9zdHJhc2JvdXJnSA1YBGhNiAEBmAEzuAEXyAEM2AED6AEB-AEBiAIBqAIBuAKvkc3PBsACAdICJGUzOTM4NjgzLWMxNWItNGU4Ni05OWQ3LTUxZGM2M2E5ZmFiMtgCAeACAQ&ucfs=1&arphpl=1&group_adults=2&req_adults=2&no_rooms=1&group_children=0&req_children=0&hpos=18&hapos=18&sr_order=popularity&srpvid=b7055697fff400cf&srepoch=1777551540&from=searchresults,7.8,48.5890619439537,7.738798633217812
Strasbourg,ibis Styles Strasbourg Avenue du Rhin,https://www.booking.com/hotel/fr/ibis-strasbourg-avenue-du-rhin.fr.html?aid=304142&label=gen173nr-10CAQoggJCEXNlYXJjaF9zdHJhc2JvdXJnSA1YBGhNiAEBmAEzuAEXyAEM2AED6AEB-AEBiAIBqAIBuAKvkc3PBsACAdICJGUzOTM4NjgzLWMxNWItNGU4Ni05OWQ3LTUxZGM2M2E5ZmFiMtgCAeACAQ&ucfs=1&arphpl=1&group_adults=2&req_adults=2&no_rooms=1&group_children=0&req_children=0&hpos=17&hapos=17&sr_order=popularity&srpvid=b7055697fff400cf&srepoch=1777551540&from_sustainable_property_sr=1&from=searchresults,8.3,48.569366,7.777568999999971
Strasbourg,Residence Inn by Marriott Strasbourg,https://www.booking.com/hotel/fr/residence-inn-by-marriott-strasbourg.fr.html?aid=304142&label=gen173nr-10CAQoggJCEXNlYXJjaF9zdHJhc2JvdXJnSA1YBGhNiAEBmAEzuAEXyAEM2AED6AEB-AEBiAIBqAIBuAKvkc3PBsACAdICJGUzOTM4NjgzLWMxNWItNGU4Ni05OWQ3LTUxZGM2M2E5ZmFiMtgCAeACAQ&ucfs=1&arphpl=1&group_adults=2&req_adults=2&no_rooms=1&group_children=0&req_children=0&hpos=16&hapos=16&sr_order=popularity&srpvid=b7055697fff400cf&srepoch=1777551540&from=searchresults,8.8,48.59899457007954,7.762173176616698
Strasbourg,AC Hotel by Marriott Strasbourg,https://www.booking.com/hotel/fr/ac-by-marriott-strasbourg.fr.html?aid=304142&label=gen173nr-10CAQoggJCEXNlYXJjaF9zdHJhc2JvdXJnSA1YBGhNiAEBmAEzuAEXyAEM2AED6AEB-AEBiAIBqAIBuAKvkc3PBsACAdICJGUzOTM4NjgzLWMxNWItNGU4Ni05OWQ3LTUxZGM2M2E5ZmFiMtgCAeACAQ&ucfs=1&arphpl=1&group_adults=2&req_adults=2&no_rooms=1&group_children=0&req_children=0&hpos=15&hapos=15&sr_order=popularity&srpvid=b7055697fff400cf&srepoch=1777551540&from_sustainable_property_sr=1&from=searchresults,8.5,48.59900335,7.761959941
Strasbourg,K Hotel,https://www.booking.com/hotel/fr/k-strasbourg.fr.html?aid=304142&label=gen173nr-10CAQoggJCEXNlYXJjaF9zdHJhc2JvdXJnSA1YBGhNiAEBmAEzuAEXyAEM2AED6AEB-AEBiAIBqAIBuAKvkc3PBsACAdICJGUzOTM4NjgzLWMxNWItNGU4Ni05OWQ3LTUxZGM2M2E5ZmFiMtgCAeACAQ&ucfs=1&arphpl=1&group_adults=2&req_adults=2&no_rooms=1&group_children=0&req_children=0&hpos=14&hapos=14&sr_order=popularity&srpvid=b7055697fff400cf&srepoch=1777551540&from=searchresults,8.7,48.5930475580478,7.714664146064706
Strasbourg,ibis Strasbourg Centre Gare,https://www.booking.com/hotel/fr/ibis-strasbourg-centre-gare.fr.html?aid=304142&label=gen173nr-10CAQoggJCEXNlYXJjaF9zdHJhc2JvdXJnSA1YBGhNiAEBmAEzuAEXyAEM2AED6AEB-AEBiAIBqAIBuAKvkc3PBsACAdICJGUzOTM4NjgzLWMxNWItNGU4Ni05OWQ3LTUxZGM2M2E5ZmFiMtgCAeACAQ&ucfs=1&arphpl=1&group_adults=2&req_adults=2&no_rooms=1&group_children=0&req_children=0&hpos=13&hapos=13&sr_order=popularity&srpvid=b7055697fff400cf&srepoch=1777551540&from_sustainable_property_sr=1&from=searchresults,8.2,48.58449519579479,7.736570611541538
Strasbourg,Le Grand Hotel By Stay Collection,https://www.booking.com/hotel/fr/legrandhotel.fr.html?aid=304142&label=gen173nr-10CAQoggJCEXNlYXJjaF9zdHJhc2JvdXJnSA1YBGhNiAEBmAEzuAEXyAEM2AED6AEB-AEBiAIBqAIBuAKvkc3PBsACAdICJGUzOTM4NjgzLWMxNWItNGU4Ni05OWQ3LTUxZGM2M2E5ZmFiMtgCAeACAQ&ucfs=1&arphpl=1&group_adults=2&req_adults=2&no_rooms=1&group_children=0&req_children=0&hpos=12&hapos=12&sr_order=popularity&srpvid=b7055697fff400cf&srepoch=1777551540&from_sustainable_property_sr=1&from=searchresults,8.6,48.58469687655924,7.7365610003471375
Strasbourg,Hôtel Restaurant Athena Spa,https://www.booking.com/hotel/fr/athena-spa.fr.html?aid=304142&label=gen173nr-10CAQoggJCEXNlYXJjaF9zdHJhc2JvdXJnSA1YBGhNiAEBmAEzuAEXyAEM2AED6AEB-AEBiAIBqAIBuAKvkc3PBsACAdICJGUzOTM4NjgzLWMxNWItNGU4Ni05OWQ3LTUxZGM2M2E5ZmFiMtgCAeACAQ&ucfs=1&arphpl=1&group_adults=2&req_adults=2&no_rooms=1&group_children=0&req_children=0&hpos=11&hapos=11&sr_order=popularity&srpvid=b7055697fff400cf&srepoch=1777551540&from=searchresults,8.7,48.59173665086212,7.711704969406128
Strasbourg,ibis Styles Strasbourg Stade de la Meinau,https://www.booking.com/hotel/fr/ibis-strasbourg-la-meinau.fr.html?aid=304142&label=gen173nr-10CAQoggJCEXNlYXJjaF9zdHJhc2JvdXJnSA1YBGhNiAEBmAEzuAEXyAEM2AED6AEB-AEBiAIBqAIBuAKvkc3PBsACAdICJGUzOTM4NjgzLWMxNWItNGU4Ni05OWQ3LTUxZGM2M2E5ZmFiMtgCAeACAQ&ucfs=1&arphpl=1&group_adults=2&req_adults=2&no_rooms=1&group_children=0&req_children=0&hpos=10&hapos=10&sr_order=popularity&srpvid=b7055697fff400cf&srepoch=1777551540&from_sustainable_property_sr=1&from=searchresults,8.0,48.5561877,7.7462478999999576
Strasbourg,Ibis Budget Strasbourg Centre Gare,https://www.booking.com/hotel/fr/ibis-budget-strasbourg-centre-gare.fr.html?aid=304142&label=gen173nr-10CAQoggJCEXNlYXJjaF9zdHJhc2JvdXJnSA1YBGhNiAEBmAEzuAEXyAEM2AED6AEB-AEBiAIBqAIBuAKvkc3PBsACAdICJGUzOTM4NjgzLWMxNWItNGU4Ni05OWQ3LTUxZGM2M2E5ZmFiMtgCAeACAQ&ucfs=1&arphpl=1&group_adults=2&req_adults=2&no_rooms=1&group_children=0&req_children=0&hpos=9&hapos=9&sr_order=popularity&srpvid=b7055697fff400cf&srepoch=1777551540&from_sustainable_property_sr=1&from=searchresults,8.0,48.5850817,7.736443300000019
Strasbourg,ibis Strasbourg Centre Les Halles,https://www.booking.com/hotel/fr/ibis-strasbourg-centre-les-halles.fr.html?aid=304142&label=gen173nr-10CAQoggJCEXNlYXJjaF9zdHJhc2JvdXJnSA1YBGhNiAEBmAEzuAEXyAEM2AED6AEB-AEBiAIBqAIBuAKvkc3PBsACAdICJGUzOTM4NjgzLWMxNWItNGU4Ni05OWQ3LTUxZGM2M2E5ZmFiMtgCAeACAQ&ucfs=1&arphpl=1&group_adults=2&req_adults=2&no_rooms=1&group_children=0&req_children=0&hpos=8&hapos=8&sr_order=popularity&srpvid=b7055697fff400cf&srepoch=1777551540&from=searchresults,8.1,48.58599411098718,7.743063457282915
Aix en Provence,Hôtel Boutique Cézanne centre Aix-en-Provence,https://www.booking.com/hotel/fr/cezanne-aix-en-provence.fr.html?aid=304142&label=gen173nr-10CAQoggJCFnNlYXJjaF9haXggZW4gcHJvdmVuY2VIDVgEaE2IAQGYATO4ARfIAQzYAQPoAQH4AQGIAgGoAgG4ArWRzc8GwAIB0gIkMTJhNzE4YmEtZDZlZi00ZWY1LTk5ZmEtOGI0MzIzZDMwNzEx2AIB4AIB&ucfs=1&arphpl=1&group_adults=2&req_adults=2&no_rooms=1&group_children=0&req_children=0&hpos=20&hapos=20&sr_order=popularity&srpvid=1702569a7f770893&srepoch=1777551545&from=searchresults,8.7,43.52356201318332,5.445937067270279
Marseille,Hôtel Villa M Marseille,https://www.booking.com/hotel/fr/goldentulipvillamassalia.fr.html?aid=304142&label=gen173nr-10CAQoggJCEHNlYXJjaF9tYXJzZWlsbGVIDVgEaE2IAQGYATO4ARfIAQzYAQPoAQH4AQGIAgGoAgG4ArqRzc8GwAIB0gIkMjI0MWRmMmUtMzFhMS00ZjcyLTlmMDUtNmJmODg0OGE4ZmI42AIB4AIB&ucfs=1&arphpl=1&group_adults=2&req_adults=2&no_rooms=1&group_children=0&req_children=0&hpos=20&hapos=20&sr_order=popularity&srpvid=b705569d919b07ca&srepoch=1777551551&from=searchresults,8.4,43.25480976136343,5.381653904914856
Lyon,B&B HOME Lyon Centre Berthelot,https://www.booking.com/hotel/fr/otelia.fr.html?aid=304142&label=gen173nr-10CAQoggJCC3NlYXJjaF9seW9uSA1YBGhNiAEBmAEzuAEXyAEM2AED6AEB-AEBiAIBqAIBuAK_kc3PBsACAdICJGU5OGRiM2Q3LTg2NGYtNDBiMS04MjIyLTI2M2U1OTg3YmMwYtgCAeACAQ&ucfs=1&arphpl=1&group_adults=2&req_adults=2&no_rooms=1&group_children=0&req_children=0&hpos=20&hapos=20&sr_order=popularity&srpvid=79a1569fd8720701&srepoch=1777551556&from_sustainable_property_sr=1&from=searchresults,7.9,45.741099269763225,4.854642748832703
Besancon,Le coquet chez Maguy Maison de ville avec jardin,https://www.booking.com/hotel/fr/le-coquet-chez-maguy.fr.html?aid=304142&label=gen173nr-10CAQoggJCD3NlYXJjaF9iZXNhbmNvbkgNWARoTYgBAZgBM7gBF8gBDNgBA-gBAfgBAYgCAagCAbgCxJHNzwbAAgHSAiQ1YmNlYzk2Ny0yYWRiLTRiODAtYmVmNy05NTdiOWNmMzRmMDHYAgHgAgE&ucfs=1&arphpl=1&group_adults=2&req_adults=2&no_rooms=1&group_children=0&req_children=0&hpos=20&hapos=20&sr_order=popularity&srpvid=96f356a2603d06a3&srepoch=1777551561&from=searchresults,9.0,47.2413863,6.0074701
Besancon,Lovely House,https://www.booking.com/hotel/fr/charming-renovated-house-besancon.fr.html?aid=304142&label=gen173nr-10CAQoggJCD3NlYXJjaF9iZXNhbmNvbkgNWARoTYgBAZgBM7gBF8gBDNgBA-gBAfgBAYgCAagCAbgCxJHNzwbAAgHSAiQ1YmNlYzk2Ny0yYWRiLTRiODAtYmVmNy05NTdiOWNmMzRmMDHYAgHgAgE&ucfs=1&arphpl=1&group_adults=2&req_adults=2&no_rooms=1&group_children=0&req_children=0&hpos=19&hapos=19&sr_order=popularity&srpvid=96f356a2603d06a3&srepoch=1777551561&from=searchresults,9.7,47.2579545,6.0373507
Besancon,Hotel Du Nord,https://www.booking.com/hotel/fr/du-nord-besancon.fr.html?aid=304142&label=gen173nr-10CAQoggJCD3NlYXJjaF9iZXNhbmNvbkgNWARoTYgBAZgBM7gBF8gBDNgBA-gBAfgBAYgCAagCAbgCxJHNzwbAAgHSAiQ1YmNlYzk2Ny0yYWRiLTRiODAtYmVmNy05NTdiOWNmMzRmMDHYAgHgAgE&ucfs=1&arphpl=1&group_adults=2&req_adults=2&no_rooms=1&group_children=0&req_children=0&hpos=18&hapos=18&sr_order=popularity&srpvid=96f356a2603d06a3&srepoch=1777551561&from=searchresults,8.3,47.23727602649555,6.02586954832077
Besancon,Brit Hotel Besancon l'Horloge,https://www.booking.com/hotel/fr/kyriad-besancon-palente.fr.html?aid=304142&label=gen173nr-10CAQoggJCD3NlYXJjaF9iZXNhbmNvbkgNWARoTYgBAZgBM7gBF8gBDNgBA-gBAfgBAYgCAagCAbgCxJHNzwbAAgHSAiQ1YmNlYzk2Ny0yYWRiLTRiODAtYmVmNy05NTdiOWNmMzRmMDHYAgHgAgE&ucfs=1&arphpl=1&group_adults=2&req_adults=2&no_rooms=1&group_children=0&req_children=0&hpos=17&hapos=17&sr_order=popularity&srpvid=96f356a2603d06a3&srepoch=1777551561&from=searchresults,7.5,47.263586537331754,6.0515329241752625
Besancon,Appartement lumineux - 6 pers - 3 chambres - Parking gratuit - Tout équipé,https://www.booking.com/hotel/fr/appartement-lumineux-72m2.fr.html?aid=304142&label=gen173nr-10CAQoggJCD3NlYXJjaF9iZXNhbmNvbkgNWARoTYgBAZgBM7gBF8gBDNgBA-gBAfgBAYgCAagCAbgCxJHNzwbAAgHSAiQ1YmNlYzk2Ny0yYWRiLTRiODAtYmVmNy05NTdiOWNmMzRmMDHYAgHgAgE&ucfs=1&arphpl=1&group_adults=2&req_adults=2&no_rooms=1&group_children=0&req_children=0&hpos=16&hapos=16&sr_order=popularity&srpvid=96f356a2603d06a3&srepoch=1777551561&from=searchresults,8.9,47.2518186,6.007446
Besancon,ibis Besançon Centre Ville,https://www.booking.com/hotel/fr/ibis-besancon-centre-ville.fr.html?aid=304142&label=gen173nr-10CAQoggJCD3NlYXJjaF9iZXNhbmNvbkgNWARoTYgBAZgBM7gBF8gBDNgBA-gBAfgBAYgCAagCAbgCxJHNzwbAAgHSAiQ1YmNlYzk2Ny0yYWRiLTRiODAtYmVmNy05NTdiOWNmMzRmMDHYAgHgAgE&ucfs=1&arphpl=1&group_adults=2&req_adults=2&no_rooms=1&group_children=0&req_children=0&hpos=15&hapos=15&sr_order=popularity&srpvid=96f356a2603d06a3&srepoch=1777551561&from=searchresults,8.3,47.24045605146395,6.025995332734055
Besancon,Les Fabuleux appartements du Coeur de ville - Place Victor Hugo,https://www.booking.com/hotel/fr/face-a-victor-besancon.fr.html?aid=304142&label=gen173nr-10CAQoggJCD3NlYXJjaF9iZXNhbmNvbkgNWARoTYgBAZgBM7gBF8gBDNgBA-gBAfgBAYgCAagCAbgCxJHNzwbAAgHSAiQ1YmNlYzk2Ny0yYWRiLTRiODAtYmVmNy05NTdiOWNmMzRmMDHYAgHgAgE&ucfs=1&arphpl=1&group_adults=2&req_adults=2&no_rooms=1&group_children=0&req_children=0&hpos=14&hapos=14&sr_order=popularity&srpvid=96f356a2603d06a3&srepoch=1777551561&from=searchresults,8.0,47.235012635508,6.029440829448
Besancon,Accueil Hotel Besançon,https://www.booking.com/hotel/fr/accueil-besancon.fr.html?aid=304142&label=gen173nr-10CAQoggJCD3NlYXJjaF9iZXNhbmNvbkgNWARoTYgBAZgBM7gBF8gBDNgBA-gBAfgBAYgCAagCAbgCxJHNzwbAAgHSAiQ1YmNlYzk2Ny0yYWRiLTRiODAtYmVmNy05NTdiOWNmMzRmMDHYAgHgAgE&ucfs=1&arphpl=1&group_adults=2&req_adults=2&no_rooms=1&group_children=0&req_children=0&hpos=13&hapos=13&sr_order=popularity&srpvid=96f356a2603d06a3&srepoch=1777551561&from=searchresults,5.5,47.216012,5.9423711
Besancon,Comfort Aparthotel Besancon Hauts du Chazal,https://www.booking.com/hotel/fr/residence-hauts-du-chazal.fr.html?aid=304142&label=gen173nr-10CAQoggJCD3NlYXJjaF9iZXNhbmNvbkgNWARoTYgBAZgBM7gBF8gBDNgBA-gBAfgBAYgCAagCAbgCxJHNzwbAAgHSAiQ1YmNlYzk2Ny0yYWRiLTRiODAtYmVmNy05NTdiOWNmMzRmMDHYAgHgAgE&ucfs=1&arphpl=1&group_adults=2&req_adults=2&no_rooms=1&group_children=0&req_children=0&hpos=12&hapos=12&sr_order=popularity&srpvid=96f356a2603d06a3&srepoch=1777551561&from_sustainable_property_sr=1&from=searchresults,8.2,47.22448655881508,5.9561240673065186
Besancon,ibis Besançon Centre la City,https://www.booking.com/hotel/fr/ibis-besancon-la-city.fr.html?aid=304142&label=gen173nr-10CAQoggJCD3NlYXJjaF9iZXNhbmNvbkgNWARoTYgBAZgBM7gBF8gBDNgBA-gBAfgBAYgCAagCAbgCxJHNzwbAAgHSAiQ1YmNlYzk2Ny0yYWRiLTRiODAtYmVmNy05NTdiOWNmMzRmMDHYAgHgAgE&ucfs=1&arphpl=1&group_adults=2&req_adults=2&no_rooms=1&group_children=0&req_children=0&hpos=11&hapos=11&sr_order=popularity&srpvid=96f356a2603d06a3&srepoch=1777551561&from_sustainable_property_sr=1&from=searchresults,7.9,47.23549140373459,6.01498838538896
Besancon,Comfort Aparthotel Besancon La City,https://www.booking.com/hotel/fr/citea-besancon.fr.html?aid=304142&label=gen173nr-10CAQoggJCD3NlYXJjaF9iZXNhbmNvbkgNWARoTYgBAZgBM7gBF8gBDNgBA-gBAfgBAYgCAagCAbgCxJHNzwbAAgHSAiQ1YmNlYzk2Ny0yYWRiLTRiODAtYmVmNy05NTdiOWNmMzRmMDHYAgHgAgE&ucfs=1&arphpl=1&group_adults=2&req_adults=2&no_rooms=1&group_children=0&req_children=0&hpos=10&hapos=10&sr_order=popularity&srpvid=96f356a2603d06a3&srepoch=1777551561&from_sustainable_property_sr=1&from=searchresults,7.9,47.235682520054645,6.01401150226593
Besancon,Premiere Classe Besancon Ecole Valentin,https://www.booking.com/hotel/fr/premiere-classe-besancon-ecole-valentin.fr.html?aid=304142&label=gen173nr-10CAQoggJCD3NlYXJjaF9iZXNhbmNvbkgNWARoTYgBAZgBM7gBF8gBDNgBA-gBAfgBAYgCAagCAbgCxJHNzwbAAgHSAiQ1YmNlYzk2Ny0yYWRiLTRiODAtYmVmNy05NTdiOWNmMzRmMDHYAgHgAgE&ucfs=1&arphpl=1&group_adults=2&req_adults=2&no_rooms=1&group_children=0&req_children=0&hpos=9&hapos=9&sr_order=popularity&srpvid=96f356a2603d06a3&srepoch=1777551561&from=searchresults,6.9,47.27044103591704,5.9982722997665405
Besancon,Hôtel Siatel Besançon Chateaufarine,https://www.booking.com/hotel/fr/siatel-chateaufarine.fr.html?aid=304142&label=gen173nr-10CAQoggJCD3NlYXJjaF9iZXNhbmNvbkgNWARoTYgBAZgBM7gBF8gBDNgBA-gBAfgBAYgCAagCAbgCxJHNzwbAAgHSAiQ1YmNlYzk2Ny0yYWRiLTRiODAtYmVmNy05NTdiOWNmMzRmMDHYAgHgAgE&ucfs=1&arphpl=1&group_adults=2&req_adults=2&no_rooms=1&group_children=0&req_children=0&hpos=8&hapos=8&sr_order=popularity&srpvid=96f356a2603d06a3&srepoch=1777551561&from=searchresults,7.7,47.21613221566271,5.941833257675171
Besancon,Hôtel AKENA Besançon,https://www.booking.com/hotel/fr/akena-besancon.fr.html?aid=304142&label=gen173nr-10CAQoggJCD3NlYXJjaF9iZXNhbmNvbkgNWARoTYgBAZgBM7gBF8gBDNgBA-gBAfgBAYgCAagCAbgCxJHNzwbAAgHSAiQ1YmNlYzk2Ny0yYWRiLTRiODAtYmVmNy05NTdiOWNmMzRmMDHYAgHgAgE&ucfs=1&arphpl=1&group_adults=2&req_adults=2&no_rooms=1&group_children=0&req_children=0&hpos=7&hapos=7&sr_order=popularity&srpvid=96f356a2603d06a3&srepoch=1777551561&from=searchresults,8.6,47.23547525170847,5.9000853988113455
Besancon,Hôtel Restaurant Spa Le Sauvage,https://www.booking.com/hotel/fr/ho-tel-le-sauvage-besanasson.fr.html?aid=304142&label=gen173nr-10CAQoggJCD3NlYXJjaF9iZXNhbmNvbkgNWARoTYgBAZgBM7gBF8gBDNgBA-gBAfgBAYgCAagCAbgCxJHNzwbAAgHSAiQ1YmNlYzk2Ny0yYWRiLTRiODAtYmVmNy05NTdiOWNmMzRmMDHYAgHgAgE&ucfs=1&arphpl=1&group_adults=2&req_adults=2&no_rooms=1&group_children=0&req_children=0&hpos=6&hapos=6&sr_order=popularity&srpvid=96f356a2603d06a3&srepoch=1777551561&from=searchresults,8.6,47.23171766809705,6.027591526508331
Besancon,Hôtel de Paris,https://www.booking.com/hotel/fr/de-paris-besanasson.fr.html?aid=304142&label=gen173nr-10CAQoggJCD3NlYXJjaF9iZXNhbmNvbkgNWARoTYgBAZgBM7gBF8gBDNgBA-gBAfgBAYgCAagCAbgCxJHNzwbAAgHSAiQ1YmNlYzk2Ny0yYWRiLTRiODAtYmVmNy05NTdiOWNmMzRmMDHYAgHgAgE&ucfs=1&arphpl=1&group_adults=2&req_adults=2&no_rooms=1&group_children=0&req_children=0&hpos=5&hapos=5&sr_order=popularity&srpvid=96f356a2603d06a3&srepoch=1777551561&from=searchresults,8.6,47.23856536577556,6.025325059890747
Besancon,Temis hôtel Besançon,https://www.booking.com/hotel/fr/all-suites-besancon.fr.html?aid=304142&label=gen173nr-10CAQoggJCD3NlYXJjaF9iZXNhbmNvbkgNWARoTYgBAZgBM7gBF8gBDNgBA-gBAfgBAYgCAagCAbgCxJHNzwbAAgHSAiQ1YmNlYzk2Ny0yYWRiLTRiODAtYmVmNy05NTdiOWNmMzRmMDHYAgHgAgE&ucfs=1&arphpl=1&group_adults=2&req_adults=2&no_rooms=1&group_children=0&req_children=0&hpos=4&hapos=4&sr_order=popularity&srpvid=96f356a2603d06a3&srepoch=1777551561&from=searchresults,8.1,47.254357225781376,5.995480120182037
Besancon,Best Western Citadelle,https://www.booking.com/hotel/fr/bestwesterncitadelle.fr.html?aid=304142&label=gen173nr-10CAQoggJCD3NlYXJjaF9iZXNhbmNvbkgNWARoTYgBAZgBM7gBF8gBDNgBA-gBAfgBAYgCAagCAbgCxJHNzwbAAgHSAiQ1YmNlYzk2Ny0yYWRiLTRiODAtYmVmNy05NTdiOWNmMzRmMDHYAgHgAgE&ucfs=1&arphpl=1&group_adults=2&req_adults=2&no_rooms=1&group_children=0&req_children=0&hpos=3&hapos=3&sr_order=popularity&srpvid=96f356a2603d06a3&srepoch=1777551561&from_sustainable_property_sr=1&from=searchresults,8.0,47.23154100035795,6.026580333709717
Besancon,B&B HOTEL Besançon Valentin,https://www.booking.com/hotel/fr/b-amp-b-besancon-valentin.fr.html?aid=304142&label=gen173nr-10CAQoggJCD3NlYXJjaF9iZXNhbmNvbkgNWARoTYgBAZgBM7gBF8gBDNgBA-gBAfgBAYgCAagCAbgCxJHNzwbAAgHSAiQ1YmNlYzk2Ny0yYWRiLTRiODAtYmVmNy05NTdiOWNmMzRmMDHYAgHgAgE&ucfs=1&arphpl=1&group_adults=2&req_adults=2&no_rooms=1&group_children=0&req_children=0&hpos=2&hapos=2&sr_order=popularity&srpvid=96f356a2603d06a3&srepoch=1777551561&from_sustainable_property_sr=1&from=searchresults,8.4,47.2801612,5.9877459
Besancon,ibis Styles Besançon,https://www.booking.com/hotel/fr/besancon.fr.html?aid=304142&label=gen173nr-10CAQoggJCD3NlYXJjaF9iZXNhbmNvbkgNWARoTYgBAZgBM7gBF8gBDNgBA-gBAfgBAYgCAagCAbgCxJHNzwbAAgHSAiQ1YmNlYzk2Ny0yYWRiLTRiODAtYmVmNy05NTdiOWNmMzRmMDHYAgHgAgE&ucfs=1&arphpl=1&group_adults=2&req_adults=2&no_rooms=1&group_children=0&req_children=0&hpos=1&hapos=1&sr_order=popularity&srpvid=96f356a2603d06a3&srepoch=1777551561&from_sustainable_property_sr=1&from=searchresults,7.8,47.2542534551454,6.021639704704285
Lyon,Appart'hôtel Odalys City - Bioparc Lyon Est,https://www.booking.com/hotel/fr/residence-hoteliere-bioparc.fr.html?aid=304142&label=gen173nr-10CAQoggJCC3NlYXJjaF9seW9uSA1YBGhNiAEBmAEzuAEXyAEM2AED6AEB-AEBiAIBqAIBuAK_kc3PBsACAdICJGU5OGRiM2Q3LTg2NGYtNDBiMS04MjIyLTI2M2U1OTg3YmMwYtgCAeACAQ&ucfs=1&arphpl=1&group_adults=2&req_adults=2&no_rooms=1&group_children=0&req_children=0&hpos=19&hapos=19&sr_order=popularity&srpvid=79a1569fd8720701&srepoch=1777551556&from=searchresults,8.1,45.74010934972214,4.8883795738220215
Lyon,Pullman Lyon,https://www.booking.com/hotel/fr/pullman-lyon.fr.html?aid=304142&label=gen173nr-10CAQoggJCC3NlYXJjaF9seW9uSA1YBGhNiAEBmAEzuAEXyAEM2AED6AEB-AEBiAIBqAIBuAK_kc3PBsACAdICJGU5OGRiM2Q3LTg2NGYtNDBiMS04MjIyLTI2M2U1OTg3YmMwYtgCAeACAQ&ucfs=1&arphpl=1&group_adults=2&req_adults=2&no_rooms=1&group_children=0&req_children=0&hpos=16&hapos=16&sr_order=popularity&srpvid=79a1569fd8720701&srepoch=1777551556&from_sustainable_property_sr=1&from=searchresults,9.2,45.760402581312896,4.85792056375427
Lyon,Novotel Lyon Centre-Confluence Bord de Saone,https://www.booking.com/hotel/fr/novotel-lyon-confluence.fr.html?aid=304142&label=gen173nr-10CAQoggJCC3NlYXJjaF9seW9uSA1YBGhNiAEBmAEzuAEXyAEM2AED6AEB-AEBiAIBqAIBuAK_kc3PBsACAdICJGU5OGRiM2Q3LTg2NGYtNDBiMS04MjIyLTI2M2U1OTg3YmMwYtgCAeACAQ&ucfs=1&arphpl=1&group_adults=2&req_adults=2&no_rooms=1&group_children=0&req_children=0&hpos=15&hapos=15&sr_order=popularity&srpvid=79a1569fd8720701&srepoch=1777551556&from_sustainable_property_sr=1&from=searchresults,8.4,45.741556723764276,4.815292060375214
Lyon,Campanile Lyon Centre - Berges du Rhône,https://www.booking.com/hotel/fr/bleumarinelyoncentre.fr.html?aid=304142&label=gen173nr-10CAQoggJCC3NlYXJjaF9seW9uSA1YBGhNiAEBmAEzuAEXyAEM2AED6AEB-AEBiAIBqAIBuAK_kc3PBsACAdICJGU5OGRiM2Q3LTg2NGYtNDBiMS04MjIyLTI2M2U1OTg3YmMwYtgCAeACAQ&ucfs=1&arphpl=1&group_adults=2&req_adults=2&no_rooms=1&group_children=0&req_children=0&hpos=14&hapos=14&sr_order=popularity&srpvid=79a1569fd8720701&srepoch=1777551556&from_sustainable_property_sr=1&from=searchresults,7.7,45.756699862193926,4.841953217983246
Lyon,YASI Hostel,https://www.booking.com/hotel/fr/yasi-hostel.fr.html?aid=304142&label=gen173nr-10CAQoggJCC3NlYXJjaF9seW9uSA1YBGhNiAEBmAEzuAEXyAEM2AED6AEB-AEBiAIBqAIBuAK_kc3PBsACAdICJGU5OGRiM2Q3LTg2NGYtNDBiMS04MjIyLTI2M2U1OTg3YmMwYtgCAeACAQ&ucfs=1&arphpl=1&group_adults=2&req_adults=2&no_rooms=1&group_children=0&req_children=0&hpos=13&hapos=13&sr_order=popularity&srpvid=79a1569fd8720701&srepoch=1777551556&from=searchresults,8.7,45.758668,4.867806
Lyon,ibis budget Lyon Centre Confluence,https://www.booking.com/hotel/fr/ibis-budget-lyon-confluence.fr.html?aid=304142&label=gen173nr-10CAQoggJCC3NlYXJjaF9seW9uSA1YBGhNiAEBmAEzuAEXyAEM2AED6AEB-AEBiAIBqAIBuAK_kc3PBsACAdICJGU5OGRiM2Q3LTg2NGYtNDBiMS04MjIyLTI2M2U1OTg3YmMwYtgCAeACAQ&ucfs=1&arphpl=1&group_adults=2&req_adults=2&no_rooms=1&group_children=0&req_children=0&hpos=12&hapos=12&sr_order=popularity&srpvid=79a1569fd8720701&srepoch=1777551556&from_sustainable_property_sr=1&from=searchresults,7.8,45.74355917156467,4.8258703177909865
Lyon,Hôtel Lyon Métropole & Spa,https://www.booking.com/hotel/fr/lyon-metropole.fr.html?aid=304142&label=gen173nr-10CAQoggJCC3NlYXJjaF9seW9uSA1YBGhNiAEBmAEzuAEXyAEM2AED6AEB-AEBiAIBqAIBuAK_kc3PBsACAdICJGU5OGRiM2Q3LTg2NGYtNDBiMS04MjIyLTI2M2U1OTg3YmMwYtgCAeACAQ&ucfs=1&arphpl=1&group_adults=2&req_adults=2&no_rooms=1&group_children=0&req_children=0&hpos=11&hapos=11&sr_order=popularity&srpvid=79a1569fd8720701&srepoch=1777551556&from=searchresults,8.3,45.78871959899989,4.819841086864471
Lyon,Séjours & Affaires Lyon Saint-Nicolas,https://www.booking.com/hotel/fr/sejours-affaires-lyon-saint-nicolas.fr.html?aid=304142&label=gen173nr-10CAQoggJCC3NlYXJjaF9seW9uSA1YBGhNiAEBmAEzuAEXyAEM2AED6AEB-AEBiAIBqAIBuAK_kc3PBsACAdICJGU5OGRiM2Q3LTg2NGYtNDBiMS04MjIyLTI2M2U1OTg3YmMwYtgCAeACAQ&ucfs=1&arphpl=1&group_adults=2&req_adults=2&no_rooms=1&group_children=0&req_children=0&hpos=10&hapos=10&sr_order=popularity&srpvid=79a1569fd8720701&srepoch=1777551556&from=searchresults,7.3,45.754237051783875,4.8590898513793945
Lyon,HO36 Hostel Lyon,https://www.booking.com/hotel/fr/ho36-hostels-lyon.fr.html?aid=304142&label=gen173nr-10CAQoggJCC3NlYXJjaF9seW9uSA1YBGhNiAEBmAEzuAEXyAEM2AED6AEB-AEBiAIBqAIBuAK_kc3PBsACAdICJGU5OGRiM2Q3LTg2NGYtNDBiMS04MjIyLTI2M2U1OTg3YmMwYtgCAeACAQ&ucfs=1&arphpl=1&group_adults=2&req_adults=2&no_rooms=1&group_children=0&req_children=0&hpos=9&hapos=9&sr_order=popularity&srpvid=79a1569fd8720701&srepoch=1777551556&from=searchresults,8.2,45.75285600552734,4.842058611045104
Lyon,Residence Montempo Appart'Hôtel Lyon Cite Internationale,https://www.booking.com/hotel/fr/residence-hoteliere-temporim-cite-internationale.fr.html?aid=304142&label=gen173nr-10CAQoggJCC3NlYXJjaF9seW9uSA1YBGhNiAEBmAEzuAEXyAEM2AED6AEB-AEBiAIBqAIBuAK_kc3PBsACAdICJGU5OGRiM2Q3LTg2NGYtNDBiMS04MjIyLTI2M2U1OTg3YmMwYtgCAeACAQ&ucfs=1&arphpl=1&group_adults=2&req_adults=2&no_rooms=1&group_children=0&req_children=0&hpos=8&hapos=8&sr_order=popularity&srpvid=79a1569fd8720701&srepoch=1777551556&from_sustainable_property_sr=1&from=searchresults,8.1,45.78501661437687,4.856415688991547
Lyon,MEININGER Hotel Lyon Centre Berthelot,https://www.booking.com/hotel/fr/meininger-lyon-centre-berthelot.fr.html?aid=304142&label=gen173nr-10CAQoggJCC3NlYXJjaF9seW9uSA1YBGhNiAEBmAEzuAEXyAEM2AED6AEB-AEBiAIBqAIBuAK_kc3PBsACAdICJGU5OGRiM2Q3LTg2NGYtNDBiMS04MjIyLTI2M2U1OTg3YmMwYtgCAeACAQ&ucfs=1&arphpl=1&group_adults=2&req_adults=2&no_rooms=1&group_children=0&req_children=0&hpos=7&hapos=7&sr_order=popularity&srpvid=79a1569fd8720701&srepoch=1777551556&from=searchresults,8.3,45.746083,4.837187
Lyon,Campanile PRIME Lyon Centre Gare Part-Dieu,https://www.booking.com/hotel/fr/campanile-lyon-centre-forum-part-dieu.fr.html?aid=304142&label=gen173nr-10CAQoggJCC3NlYXJjaF9seW9uSA1YBGhNiAEBmAEzuAEXyAEM2AED6AEB-AEBiAIBqAIBuAK_kc3PBsACAdICJGU5OGRiM2Q3LTg2NGYtNDBiMS04MjIyLTI2M2U1OTg3YmMwYtgCAeACAQ&ucfs=1&arphpl=1&group_adults=2&req_adults=2&no_rooms=1&group_children=0&req_children=0&hpos=3&hapos=3&sr_order=popularity&srpvid=79a1569fd8720701&srepoch=1777551556&from_sustainable_property_sr=1&from=searchresults,8.6,45.76027411252216,4.863327741622925
Marseille,Maisons du Monde Hôtel & Suites - Marseille Vieux Port,https://www.booking.com/hotel/fr/maisondumondehotelandsuitesmarseille.fr.html?aid=304142&label=gen173nr-10CAQoggJCEHNlYXJjaF9tYXJzZWlsbGVIDVgEaE2IAQGYATO4ARfIAQzYAQPoAQH4AQGIAgGoAgG4ArqRzc8GwAIB0gIkMjI0MWRmMmUtMzFhMS00ZjcyLTlmMDUtNmJmODg0OGE4ZmI42AIB4AIB&ucfs=1&arphpl=1&group_adults=2&req_adults=2&no_rooms=1&group_children=0&req_children=0&hpos=19&hapos=19&sr_order=popularity&srpvid=b705569d919b07ca&srepoch=1777551551&from_sustainable_property_sr=1&from=searchresults,8.7,43.29412372437712,5.374639928340912
Marseille,Residhotel Le Grand Prado,https://www.booking.com/hotel/fr/le-grand-prado-marseille.fr.html?aid=304142&label=gen173nr-10CAQoggJCEHNlYXJjaF9tYXJzZWlsbGVIDVgEaE2IAQGYATO4ARfIAQzYAQPoAQH4AQGIAgGoAgG4ArqRzc8GwAIB0gIkMjI0MWRmMmUtMzFhMS00ZjcyLTlmMDUtNmJmODg0OGE4ZmI42AIB4AIB&ucfs=1&arphpl=1&group_adults=2&req_adults=2&no_rooms=1&group_children=0&req_children=0&hpos=18&hapos=18&sr_order=popularity&srpvid=b705569d919b07ca&srepoch=1777551551&from=searchresults,7.2,43.2808012424265,5.388253480195999
Marseille,ibis Styles Marseille Palais des Congrès Vélodrome,https://www.booking.com/hotel/fr/ibis-styles-marseille-palais-des-congres-velodrome.fr.html?aid=304142&label=gen173nr-10CAQoggJCEHNlYXJjaF9tYXJzZWlsbGVIDVgEaE2IAQGYATO4ARfIAQzYAQPoAQH4AQGIAgGoAgG4ArqRzc8GwAIB0gIkMjI0MWRmMmUtMzFhMS00ZjcyLTlmMDUtNmJmODg0OGE4ZmI42AIB4AIB&ucfs=1&arphpl=1&group_adults=2&req_adults=2&no_rooms=1&group_children=0&req_children=0&hpos=17&hapos=17&sr_order=popularity&srpvid=b705569d919b07ca&srepoch=1777551551&from=searchresults,8.6,43.28066065110931,5.399563014507294
Marseille,La Résidence Du Vieux Port,https://www.booking.com/hotel/fr/hotel-la-residence-du-vieux-port.fr.html?aid=304142&label=gen173nr-10CAQoggJCEHNlYXJjaF9tYXJzZWlsbGVIDVgEaE2IAQGYATO4ARfIAQzYAQPoAQH4AQGIAgGoAgG4ArqRzc8GwAIB0gIkMjI0MWRmMmUtMzFhMS00ZjcyLTlmMDUtNmJmODg0OGE4ZmI42AIB4AIB&ucfs=1&arphpl=1&group_adults=2&req_adults=2&no_rooms=1&group_children=0&req_children=0&hpos=16&hapos=16&sr_order=popularity&srpvid=b705569d919b07ca&srepoch=1777551551&from_sustainable_property_sr=1&from=searchresults,8.9,43.29653858160117,5.372706055641174
Marseille,easyHotel Marseille Euromed,https://www.booking.com/hotel/fr/easyhotel-marseille.fr.html?aid=304142&label=gen173nr-10CAQoggJCEHNlYXJjaF9tYXJzZWlsbGVIDVgEaE2IAQGYATO4ARfIAQzYAQPoAQH4AQGIAgGoAgG4ArqRzc8GwAIB0gIkMjI0MWRmMmUtMzFhMS00ZjcyLTlmMDUtNmJmODg0OGE4ZmI42AIB4AIB&ucfs=1&arphpl=1&group_adults=2&req_adults=2&no_rooms=1&group_children=0&req_children=0&hpos=15&hapos=15&sr_order=popularity&srpvid=b705569d919b07ca&srepoch=1777551551&from=searchresults,8.4,43.3101149,5.3703396
Marseille,greet hotel Marseille Parc Chanot Velodrome by Accor,https://www.booking.com/hotel/fr/inter-parc-des-expositions.fr.html?aid=304142&label=gen173nr-10CAQoggJCEHNlYXJjaF9tYXJzZWlsbGVIDVgEaE2IAQGYATO4ARfIAQzYAQPoAQH4AQGIAgGoAgG4ArqRzc8GwAIB0gIkMjI0MWRmMmUtMzFhMS00ZjcyLTlmMDUtNmJmODg0OGE4ZmI42AIB4AIB&ucfs=1&arphpl=1&group_adults=2&req_adults=2&no_rooms=1&group_children=0&req_children=0&hpos=14&hapos=14&sr_order=popularity&srpvid=b705569d919b07ca&srepoch=1777551551&from_sustainable_property_sr=1&from=searchresults,8.4,43.27382657683628,5.393153486755409
Marseille,Maison Olea,https://www.booking.com/hotel/fr/maison-olea-marseille.fr.html?aid=304142&label=gen173nr-10CAQoggJCEHNlYXJjaF9tYXJzZWlsbGVIDVgEaE2IAQGYATO4ARfIAQzYAQPoAQH4AQGIAgGoAgG4ArqRzc8GwAIB0gIkMjI0MWRmMmUtMzFhMS00ZjcyLTlmMDUtNmJmODg0OGE4ZmI42AIB4AIB&ucfs=1&arphpl=1&group_adults=2&req_adults=2&no_rooms=1&group_children=0&req_children=0&hpos=13&hapos=13&sr_order=popularity&srpvid=b705569d919b07ca&srepoch=1777551551&from=searchresults,9.6,43.298143,5.385438
Marseille,Hôtel Hermès,https://www.booking.com/hotel/fr/hermes.fr.html?aid=304142&label=gen173nr-10CAQoggJCEHNlYXJjaF9tYXJzZWlsbGVIDVgEaE2IAQGYATO4ARfIAQzYAQPoAQH4AQGIAgGoAgG4ArqRzc8GwAIB0gIkMjI0MWRmMmUtMzFhMS00ZjcyLTlmMDUtNmJmODg0OGE4ZmI42AIB4AIB&ucfs=1&arphpl=1&group_adults=2&req_adults=2&no_rooms=1&group_children=0&req_children=0&hpos=12&hapos=12&sr_order=popularity&srpvid=b705569d919b07ca&srepoch=1777551551&from=searchresults,8.1,43.29655283229883,5.371883288025856
Marseille,Hotel Relax,https://www.booking.com/hotel/fr/relax-marseille1.fr.html?aid=304142&label=gen173nr-10CAQoggJCEHNlYXJjaF9tYXJzZWlsbGVIDVgEaE2IAQGYATO4ARfIAQzYAQPoAQH4AQGIAgGoAgG4ArqRzc8GwAIB0gIkMjI0MWRmMmUtMzFhMS00ZjcyLTlmMDUtNmJmODg0OGE4ZmI42AIB4AIB&ucfs=1&arphpl=1&group_adults=2&req_adults=2&no_rooms=1&group_children=0&req_children=0&hpos=11&hapos=11&sr_order=popularity&srpvid=b705569d919b07ca&srepoch=1777551551&from=searchresults,7.3,43.29360577307736,5.375497673016298
Marseille,Grand Hotel Beauvau Marseille Vieux-Port - MGallery Collection,https://www.booking.com/hotel/fr/hotel-1293-grand-hotel-beauvau-marseille-vieux-port-mgallery-collection.fr.html?aid=304142&label=gen173nr-10CAQoggJCEHNlYXJjaF9tYXJzZWlsbGVIDVgEaE2IAQGYATO4ARfIAQzYAQPoAQH4AQGIAgGoAgG4ArqRzc8GwAIB0gIkMjI0MWRmMmUtMzFhMS00ZjcyLTlmMDUtNmJmODg0OGE4ZmI42AIB4AIB&ucfs=1&arphpl=1&group_adults=2&req_adults=2&no_rooms=1&group_children=0&req_children=0&hpos=10&hapos=10&sr_order=popularity&srpvid=b705569d919b07ca&srepoch=1777551551&from_sustainable_property_sr=1&from=searchresults,8.6,43.29507835603476,5.375010073184967
Marseille,The People - Marseille,https://www.booking.com/hotel/fr/the-people-hostel-marseille.fr.html?aid=304142&label=gen173nr-10CAQoggJCEHNlYXJjaF9tYXJzZWlsbGVIDVgEaE2IAQGYATO4ARfIAQzYAQPoAQH4AQGIAgGoAgG4ArqRzc8GwAIB0gIkMjI0MWRmMmUtMzFhMS00ZjcyLTlmMDUtNmJmODg0OGE4ZmI42AIB4AIB&ucfs=1&arphpl=1&group_adults=2&req_adults=2&no_rooms=1&group_children=0&req_children=0&hpos=9&hapos=9&sr_order=popularity&srpvid=b705569d919b07ca&srepoch=1777551551&from_sustainable_property_sr=1&from=searchresults,8.3,43.301105,5.371282
Marseille,Hôtel Maison Montgrand - Vieux Port,https://www.booking.com/hotel/fr/montgrand.fr.html?aid=304142&label=gen173nr-10CAQoggJCEHNlYXJjaF9tYXJzZWlsbGVIDVgEaE2IAQGYATO4ARfIAQzYAQPoAQH4AQGIAgGoAgG4ArqRzc8GwAIB0gIkMjI0MWRmMmUtMzFhMS00ZjcyLTlmMDUtNmJmODg0OGE4ZmI42AIB4AIB&ucfs=1&arphpl=1&group_adults=2&req_adults=2&no_rooms=1&group_children=0&req_children=0&hpos=8&hapos=8&sr_order=popularity&srpvid=b705569d919b07ca&srepoch=1777551551&from=searchresults,8.4,43.2909627,5.376429199999961
Marseille,Novotel Marseille Vieux Port,https://www.booking.com/hotel/fr/novotel-marseille-vieux-port.fr.html?aid=304142&label=gen173nr-10CAQoggJCEHNlYXJjaF9tYXJzZWlsbGVIDVgEaE2IAQGYATO4ARfIAQzYAQPoAQH4AQGIAgGoAgG4ArqRzc8GwAIB0gIkMjI0MWRmMmUtMzFhMS00ZjcyLTlmMDUtNmJmODg0OGE4ZmI42AIB4AIB&ucfs=1&arphpl=1&group_adults=2&req_adults=2&no_rooms=1&group_children=0&req_children=0&hpos=7&hapos=7&sr_order=popularity&srpvid=b705569d919b07ca&srepoch=1777551551&from_sustainable_property_sr=1&from=searchresults,7.9,43.292321791882316,5.360239148139954
Marseille,Novotel Marseille Centre Prado Vélodrome,https://www.booking.com/hotel/fr/novotel-marseille-centre-prado.fr.html?aid=304142&label=gen173nr-10CAQoggJCEHNlYXJjaF9tYXJzZWlsbGVIDVgEaE2IAQGYATO4ARfIAQzYAQPoAQH4AQGIAgGoAgG4ArqRzc8GwAIB0gIkMjI0MWRmMmUtMzFhMS00ZjcyLTlmMDUtNmJmODg0OGE4ZmI42AIB4AIB&ucfs=1&arphpl=1&group_adults=2&req_adults=2&no_rooms=1&group_children=0&req_children=0&hpos=6&hapos=6&sr_order=popularity&srpvid=b705569d919b07ca&srepoch=1777551551&from_sustainable_property_sr=1&from=searchresults,7.9,43.28068115402996,5.387088060379028
Marseille,Vertigo Hostel,https://www.booking.com/hotel/fr/vertigo-vieux-port-marseille.fr.html?aid=304142&label=gen173nr-10CAQoggJCEHNlYXJjaF9tYXJzZWlsbGVIDVgEaE2IAQGYATO4ARfIAQzYAQPoAQH4AQGIAgGoAgG4ArqRzc8GwAIB0gIkMjI0MWRmMmUtMzFhMS00ZjcyLTlmMDUtNmJmODg0OGE4ZmI42AIB4AIB&ucfs=1&arphpl=1&group_adults=2&req_adults=2&no_rooms=1&group_children=0&req_children=0&hpos=5&hapos=5&sr_order=popularity&srpvid=b705569d919b07ca&srepoch=1777551551&from=searchresults,7.9,43.291397377840134,5.3719362616539
Marseille,MEININGER Marseille Centre la Joliette,https://www.booking.com/hotel/fr/meininger-marseille-centre-la-joliette.fr.html?aid=304142&label=gen173nr-10CAQoggJCEHNlYXJjaF9tYXJzZWlsbGVIDVgEaE2IAQGYATO4ARfIAQzYAQPoAQH4AQGIAgGoAgG4ArqRzc8GwAIB0gIkMjI0MWRmMmUtMzFhMS00ZjcyLTlmMDUtNmJmODg0OGE4ZmI42AIB4AIB&ucfs=1&arphpl=1&group_adults=2&req_adults=2&no_rooms=1&group_children=0&req_children=0&hpos=4&hapos=4&sr_order=popularity&srpvid=b705569d919b07ca&srepoch=1777551551&from=searchresults,8.5,43.30574814984538,5.371058398811321
Marseille,"Charmant T2 rénové, proche du Vieux Port",https://www.booking.com/hotel/fr/charmant-t2-renove-proche-du-vieux-port-marseille.fr.html?aid=304142&label=gen173nr-10CAQoggJCEHNlYXJjaF9tYXJzZWlsbGVIDVgEaE2IAQGYATO4ARfIAQzYAQPoAQH4AQGIAgGoAgG4ArqRzc8GwAIB0gIkMjI0MWRmMmUtMzFhMS00ZjcyLTlmMDUtNmJmODg0OGE4ZmI42AIB4AIB&ucfs=1&arphpl=1&group_adults=2&req_adults=2&no_rooms=1&group_children=0&req_children=0&hpos=2&hapos=2&sr_order=popularity&srpvid=b705569d919b07ca&srepoch=1777551551&from=searchresults,8.5,43.2998114,5.3709529
Aix en Provence,Chambre Centre Aix Salle de Bain privée,https://www.booking.com/hotel/fr/chambre-centre-d-aix-en-provence.fr.html?aid=304142&label=gen173nr-10CAQoggJCFnNlYXJjaF9haXggZW4gcHJvdmVuY2VIDVgEaE2IAQGYATO4ARfIAQzYAQPoAQH4AQGIAgGoAgG4ArWRzc8GwAIB0gIkMTJhNzE4YmEtZDZlZi00ZWY1LTk5ZmEtOGI0MzIzZDMwNzEx2AIB4AIB&ucfs=1&arphpl=1&group_adults=2&req_adults=2&no_rooms=1&group_children=0&req_children=0&hpos=19&hapos=19&sr_order=popularity&srpvid=1702569a7f770893&srepoch=1777551545&from=searchresults,7.5,43.5296205,5.4529549
Aix en Provence,Hotel Cardinal,https://www.booking.com/hotel/fr/cardinal.fr.html?aid=304142&label=gen173nr-10CAQoggJCFnNlYXJjaF9haXggZW4gcHJvdmVuY2VIDVgEaE2IAQGYATO4ARfIAQzYAQPoAQH4AQGIAgGoAgG4ArWRzc8GwAIB0gIkMTJhNzE4YmEtZDZlZi00ZWY1LTk5ZmEtOGI0MzIzZDMwNzEx2AIB4AIB&ucfs=1&arphpl=1&group_adults=2&req_adults=2&no_rooms=1&group_children=0&req_children=0&hpos=18&hapos=18&sr_order=popularity&srpvid=1702569a7f770893&srepoch=1777551545&from=searchresults,8.6,43.5255987,5.45172079999998
Aix en Provence,Domaine Gao,https://www.booking.com/hotel/fr/domaine-and-cie.fr.html?aid=304142&label=gen173nr-10CAQoggJCFnNlYXJjaF9haXggZW4gcHJvdmVuY2VIDVgEaE2IAQGYATO4ARfIAQzYAQPoAQH4AQGIAgGoAgG4ArWRzc8GwAIB0gIkMTJhNzE4YmEtZDZlZi00ZWY1LTk5ZmEtOGI0MzIzZDMwNzEx2AIB4AIB&ucfs=1&arphpl=1&group_adults=2&req_adults=2&no_rooms=1&group_children=0&req_children=0&hpos=17&hapos=17&sr_order=popularity&srpvid=1702569a7f770893&srepoch=1777551545&from_sustainable_property_sr=1&from=searchresults,8.7,43.4964012,5.394397400000003
Aix en Provence,Villa avec piscine et jacuzzi,https://www.booking.com/hotel/fr/villa-avec-piscine-et-jacuzzi-en-campagne-aixoise.fr.html?aid=304142&label=gen173nr-10CAQoggJCFnNlYXJjaF9haXggZW4gcHJvdmVuY2VIDVgEaE2IAQGYATO4ARfIAQzYAQPoAQH4AQGIAgGoAgG4ArWRzc8GwAIB0gIkMTJhNzE4YmEtZDZlZi00ZWY1LTk5ZmEtOGI0MzIzZDMwNzEx2AIB4AIB&ucfs=1&arphpl=1&group_adults=2&req_adults=2&no_rooms=1&group_children=0&req_children=0&hpos=16&hapos=16&sr_order=popularity&srpvid=1702569a7f770893&srepoch=1777551545&from=searchresults,8.5,43.5663635,5.4429219
Aix en Provence,L'Escapade Aixoise hyper centre historique studios free netfilx wifi romantics apartments historic center,https://www.booking.com/hotel/fr/l-39-escapade-aixoise-nuit-romantique.fr.html?aid=304142&label=gen173nr-10CAQoggJCFnNlYXJjaF9haXggZW4gcHJvdmVuY2VIDVgEaE2IAQGYATO4ARfIAQzYAQPoAQH4AQGIAgGoAgG4ArWRzc8GwAIB0gIkMTJhNzE4YmEtZDZlZi00ZWY1LTk5ZmEtOGI0MzIzZDMwNzEx2AIB4AIB&ucfs=1&arphpl=1&group_adults=2&req_adults=2&no_rooms=1&group_children=0&req_children=0&hpos=15&hapos=15&sr_order=popularity&srpvid=1702569a7f770893&srepoch=1777551545&from=searchresults,8.5,43.531203,5.449408
Aix en Provence,Hôtel Le Mozart,https://www.booking.com/hotel/fr/le-mozart.fr.html?aid=304142&label=gen173nr-10CAQoggJCFnNlYXJjaF9haXggZW4gcHJvdmVuY2VIDVgEaE2IAQGYATO4ARfIAQzYAQPoAQH4AQGIAgGoAgG4ArWRzc8GwAIB0gIkMTJhNzE4YmEtZDZlZi00ZWY1LTk5ZmEtOGI0MzIzZDMwNzEx2AIB4AIB&ucfs=1&arphpl=1&group_adults=2&req_adults=2&no_rooms=1&group_children=0&req_children=0&hpos=14&hapos=14&sr_order=popularity&srpvid=1702569a7f770893&srepoch=1777551545&from=searchresults,8.4,43.521917623272195,5.4578715562820435
Aix en Provence,Studio terrasse,https://www.booking.com/hotel/fr/studio-terrasse-aix-en-provence.fr.html?aid=304142&label=gen173nr-10CAQoggJCFnNlYXJjaF9haXggZW4gcHJvdmVuY2VIDVgEaE2IAQGYATO4ARfIAQzYAQPoAQH4AQGIAgGoAgG4ArWRzc8GwAIB0gIkMTJhNzE4YmEtZDZlZi00ZWY1LTk5ZmEtOGI0MzIzZDMwNzEx2AIB4AIB&ucfs=1&arphpl=1&group_adults=2&req_adults=2&no_rooms=1&group_children=0&req_children=0&hpos=13&hapos=13&sr_order=popularity&srpvid=1702569a7f770893&srepoch=1777551545&from=searchresults,9.9,43.5188067849989,5.45839688131947
Aix en Provence,Renaissance Aix-en-Provence Hotel,https://www.booking.com/hotel/fr/renaissance-aix-en-provence.fr.html?aid=304142&label=gen173nr-10CAQoggJCFnNlYXJjaF9haXggZW4gcHJvdmVuY2VIDVgEaE2IAQGYATO4ARfIAQzYAQPoAQH4AQGIAgGoAgG4ArWRzc8GwAIB0gIkMTJhNzE4YmEtZDZlZi00ZWY1LTk5ZmEtOGI0MzIzZDMwNzEx2AIB4AIB&ucfs=1&arphpl=1&group_adults=2&req_adults=2&no_rooms=1&group_children=0&req_children=0&hpos=12&hapos=12&sr_order=popularity&srpvid=1702569a7f770893&srepoch=1777551545&from=searchresults,8.6,43.526331235519,5.43796353042126
Aix en Provence,Le Concorde,https://www.booking.com/hotel/fr/le-concorde-sarl-aix-en-provence.fr.html?aid=304142&label=gen173nr-10CAQoggJCFnNlYXJjaF9haXggZW4gcHJvdmVuY2VIDVgEaE2IAQGYATO4ARfIAQzYAQPoAQH4AQGIAgGoAgG4ArWRzc8GwAIB0gIkMTJhNzE4YmEtZDZlZi00ZWY1LTk5ZmEtOGI0MzIzZDMwNzEx2AIB4AIB&ucfs=1&arphpl=1&group_adults=2&req_adults=2&no_rooms=1&group_children=0&req_children=0&hpos=11&hapos=11&sr_order=popularity&srpvid=1702569a7f770893&srepoch=1777551545&from=searchresults,8.0,43.524612221014486,5.453754365444183
Aix en Provence,Setclub Hôtel & Spa Aix-en-Provence,https://www.booking.com/hotel/fr/le-set.fr.html?aid=304142&label=gen173nr-10CAQoggJCFnNlYXJjaF9haXggZW4gcHJvdmVuY2VIDVgEaE2IAQGYATO4ARfIAQzYAQPoAQH4AQGIAgGoAgG4ArWRzc8GwAIB0gIkMTJhNzE4YmEtZDZlZi00ZWY1LTk5ZmEtOGI0MzIzZDMwNzEx2AIB4AIB&ucfs=1&arphpl=1&group_adults=2&req_adults=2&no_rooms=1&group_children=0&req_children=0&hpos=10&hapos=10&sr_order=popularity&srpvid=1702569a7f770893&srepoch=1777551545&from=searchresults,8.1,43.5475057,5.3873295
Aix en Provence,Hôtel Birdy by Happyculture,https://www.booking.com/hotel/fr/royal-mirabeau.fr.html?aid=304142&label=gen173nr-10CAQoggJCFnNlYXJjaF9haXggZW4gcHJvdmVuY2VIDVgEaE2IAQGYATO4ARfIAQzYAQPoAQH4AQGIAgGoAgG4ArWRzc8GwAIB0gIkMTJhNzE4YmEtZDZlZi00ZWY1LTk5ZmEtOGI0MzIzZDMwNzEx2AIB4AIB&ucfs=1&arphpl=1&group_adults=2&req_adults=2&no_rooms=1&group_children=0&req_children=0&hpos=9&hapos=9&sr_order=popularity&srpvid=1702569a7f770893&srepoch=1777551545&from=searchresults,8.6,43.48142972107352,5.365614295005798
Aix en Provence,Campanile Prime - Aix-en-Provence Sud - Pont de l'Arc,https://www.booking.com/hotel/fr/campanile-aix-en-provence-sud.fr.html?aid=304142&label=gen173nr-10CAQoggJCFnNlYXJjaF9haXggZW4gcHJvdmVuY2VIDVgEaE2IAQGYATO4ARfIAQzYAQPoAQH4AQGIAgGoAgG4ArWRzc8GwAIB0gIkMTJhNzE4YmEtZDZlZi00ZWY1LTk5ZmEtOGI0MzIzZDMwNzEx2AIB4AIB&ucfs=1&arphpl=1&group_adults=2&req_adults=2&no_rooms=1&group_children=0&req_children=0&hpos=8&hapos=8&sr_order=popularity&srpvid=1702569a7f770893&srepoch=1777551545&from=searchresults,8.2,43.511916316958825,5.436653941869736
Aix en Provence,Domaine de Carraire,https://www.booking.com/hotel/fr/domaine-de-carraire-chez-alphonse.fr.html?aid=304142&label=gen173nr-10CAQoggJCFnNlYXJjaF9haXggZW4gcHJvdmVuY2VIDVgEaE2IAQGYATO4ARfIAQzYAQPoAQH4AQGIAgGoAgG4ArWRzc8GwAIB0gIkMTJhNzE4YmEtZDZlZi00ZWY1LTk5ZmEtOGI0MzIzZDMwNzEx2AIB4AIB&ucfs=1&arphpl=1&group_adults=2&req_adults=2&no_rooms=1&group_children=0&req_children=0&hpos=7&hapos=7&sr_order=popularity&srpvid=1702569a7f770893&srepoch=1777551545&from=searchresults,8.6,43.5660625,5.3844477
Aix en Provence,Grand Hôtel Roi René Aix - MGallery Collection,https://www.booking.com/hotel/fr/grand-mercure-roi-rene.fr.html?aid=304142&label=gen173nr-10CAQoggJCFnNlYXJjaF9haXggZW4gcHJvdmVuY2VIDVgEaE2IAQGYATO4ARfIAQzYAQPoAQH4AQGIAgGoAgG4ArWRzc8GwAIB0gIkMTJhNzE4YmEtZDZlZi00ZWY1LTk5ZmEtOGI0MzIzZDMwNzEx2AIB4AIB&ucfs=1&arphpl=1&group_adults=2&req_adults=2&no_rooms=1&group_children=0&req_children=0&hpos=6&hapos=6&sr_order=popularity&srpvid=1702569a7f770893&srepoch=1777551545&from_sustainable_property_sr=1&from=searchresults,8.4,43.52332474147478,5.449725687503815
Aix en Provence,Hôtel des Augustins,https://www.booking.com/hotel/fr/les-augustins.fr.html?aid=304142&label=gen173nr-10CAQoggJCFnNlYXJjaF9haXggZW4gcHJvdmVuY2VIDVgEaE2IAQGYATO4ARfIAQzYAQPoAQH4AQGIAgGoAgG4ArWRzc8GwAIB0gIkMTJhNzE4YmEtZDZlZi00ZWY1LTk5ZmEtOGI0MzIzZDMwNzEx2AIB4AIB&ucfs=1&arphpl=1&group_adults=2&req_adults=2&no_rooms=1&group_children=0&req_children=0&hpos=5&hapos=5&sr_order=popularity&srpvid=1702569a7f770893&srepoch=1777551545&from=searchresults,8.4,43.526886636225456,5.447271466255188
Aix en Provence,Appart'hôtel Odalys City - Aix en Provence Centre Palais des Congrès,https://www.booking.com/hotel/fr/atrium-d-anaite.fr.html?aid=304142&label=gen173nr-10CAQoggJCFnNlYXJjaF9haXggZW4gcHJvdmVuY2VIDVgEaE2IAQGYATO4ARfIAQzYAQPoAQH4AQGIAgGoAgG4ArWRzc8GwAIB0gIkMTJhNzE4YmEtZDZlZi00ZWY1LTk5ZmEtOGI0MzIzZDMwNzEx2AIB4AIB&ucfs=1&arphpl=1&group_adults=2&req_adults=2&no_rooms=1&group_children=0&req_children=0&hpos=4&hapos=4&sr_order=popularity&srpvid=1702569a7f770893&srepoch=1777551545&from=searchresults,8.0,43.524091009042785,5.4552161693573
Aix en Provence,HOTEL RESTAURANT OLYMPE,https://www.booking.com/hotel/fr/restaurant-olympe.fr.html?aid=304142&label=gen173nr-10CAQoggJCFnNlYXJjaF9haXggZW4gcHJvdmVuY2VIDVgEaE2IAQGYATO4ARfIAQzYAQPoAQH4AQGIAgGoAgG4ArWRzc8GwAIB0gIkMTJhNzE4YmEtZDZlZi00ZWY1LTk5ZmEtOGI0MzIzZDMwNzEx2AIB4AIB&ucfs=1&arphpl=1&group_adults=2&req_adults=2&no_rooms=1&group_children=0&req_children=0&hpos=3&hapos=3&sr_order=popularity&srpvid=1702569a7f770893&srepoch=1777551545&from=searchresults,8.1,43.508036,5.439455
Aix en Provence,Séjours & Affaires Aix-en-Provence Mirabeau,https://www.booking.com/hotel/fr/residence-mirabeau.fr.html?aid=304142&label=gen173nr-10CAQoggJCFnNlYXJjaF9haXggZW4gcHJvdmVuY2VIDVgEaE2IAQGYATO4ARfIAQzYAQPoAQH4AQGIAgGoAgG4ArWRzc8GwAIB0gIkMTJhNzE4YmEtZDZlZi00ZWY1LTk5ZmEtOGI0MzIzZDMwNzEx2AIB4AIB&ucfs=1&arphpl=1&group_adults=2&req_adults=2&no_rooms=1&group_children=0&req_children=0&hpos=1&hapos=1&sr_order=popularity&srpvid=1702569a7f770893&srepoch=1777551545&from=searchresults,8.1,43.525240781127486,5.4412660002708435
Strasbourg,Hotel Strasbourg - Montagne Verte & Restaurant Louisiane,https://www.booking.com/hotel/fr/comforthotelstras.fr.html?aid=304142&label=gen173nr-10CAQoggJCEXNlYXJjaF9zdHJhc2JvdXJnSA1YBGhNiAEBmAEzuAEXyAEM2AED6AEB-AEBiAIBqAIBuAKvkc3PBsACAdICJGUzOTM4NjgzLWMxNWItNGU4Ni05OWQ3LTUxZGM2M2E5ZmFiMtgCAeACAQ&ucfs=1&arphpl=1&group_adults=2&req_adults=2&no_rooms=1&group_children=0&req_children=0&hpos=7&hapos=7&sr_order=popularity&srpvid=b7055697fff400cf&srepoch=1777551540&from=searchresults,8.4,48.57269177356032,7.7287135273218155
Strasbourg,Novotel Strasbourg Centre Halles,https://www.booking.com/hotel/fr/novotel-strasbourg-centre-halles.fr.html?aid=304142&label=gen173nr-10CAQoggJCEXNlYXJjaF9zdHJhc2JvdXJnSA1YBGhNiAEBmAEzuAEXyAEM2AED6AEB-AEBiAIBqAIBuAKvkc3PBsACAdICJGUzOTM4NjgzLWMxNWItNGU4Ni05OWQ3LTUxZGM2M2E5ZmFiMtgCAeACAQ&ucfs=1&arphpl=1&group_adults=2&req_adults=2&no_rooms=1&group_children=0&req_children=0&hpos=6&hapos=6&sr_order=popularity&srpvid=b7055697fff400cf&srepoch=1777551540&from_sustainable_property_sr=1&from=searchresults,7.7,48.58567806265256,7.742520868778229
Strasbourg,voco Strasbourg Centre - The Garden by IHG,https://www.booking.com/hotel/fr/golden-tulip-strasbourg-centre-the-garden.fr.html?aid=304142&label=gen173nr-10CAQoggJCEXNlYXJjaF9zdHJhc2JvdXJnSA1YBGhNiAEBmAEzuAEXyAEM2AED6AEB-AEBiAIBqAIBuAKvkc3PBsACAdICJGUzOTM4NjgzLWMxNWItNGU4Ni05OWQ3LTUxZGM2M2E5ZmFiMtgCAeACAQ&ucfs=1&arphpl=1&group_adults=2&req_adults=2&no_rooms=1&group_children=0&req_children=0&hpos=5&hapos=5&sr_order=popularity&srpvid=b7055697fff400cf&srepoch=1777551540&from_sustainable_property_sr=1&from=searchresults,8.5,48.589685,7.739508
Strasbourg,Hôtel le Grillon,https://www.booking.com/hotel/fr/grillonstrasbourg.fr.html?aid=304142&label=gen173nr-10CAQoggJCEXNlYXJjaF9zdHJhc2JvdXJnSA1YBGhNiAEBmAEzuAEXyAEM2AED6AEB-AEBiAIBqAIBuAKvkc3PBsACAdICJGUzOTM4NjgzLWMxNWItNGU4Ni05OWQ3LTUxZGM2M2E5ZmFiMtgCAeACAQ&ucfs=1&arphpl=1&group_adults=2&req_adults=2&no_rooms=1&group_children=0&req_children=0&hpos=4&hapos=4&sr_order=popularity&srpvid=b7055697fff400cf&srepoch=1777551540&from=searchresults,8.4,48.58389842897197,7.737652659416199
Strasbourg,The People - Strasbourg,https://www.booking.com/hotel/fr/the-people-hostel-strasbourg.fr.html?aid=304142&label=gen173nr-10CAQoggJCEXNlYXJjaF9zdHJhc2JvdXJnSA1YBGhNiAEBmAEzuAEXyAEM2AED6AEB-AEBiAIBqAIBuAKvkc3PBsACAdICJGUzOTM4NjgzLWMxNWItNGU4Ni05OWQ3LTUxZGM2M2E5ZmFiMtgCAeACAQ&ucfs=1&arphpl=1&group_adults=2&req_adults=2&no_rooms=1&group_children=0&req_children=0&hpos=3&hapos=3&sr_order=popularity&srpvid=b7055697fff400cf&srepoch=1777551540&from_sustainable_property_sr=1&from=searchresults,7.9,48.581195,7.757318
Strasbourg,City Residence Access Strasbourg,https://www.booking.com/hotel/fr/city-residence-access-strasbourg-strasbourg.fr.html?aid=304142&label=gen173nr-10CAQoggJCEXNlYXJjaF9zdHJhc2JvdXJnSA1YBGhNiAEBmAEzuAEXyAEM2AED6AEB-AEBiAIBqAIBuAKvkc3PBsACAdICJGUzOTM4NjgzLWMxNWItNGU4Ni05OWQ3LTUxZGM2M2E5ZmFiMtgCAeACAQ&ucfs=1&arphpl=1&group_adults=2&req_adults=2&no_rooms=1&group_children=0&req_children=0&hpos=2&hapos=2&sr_order=popularity&srpvid=b7055697fff400cf&srepoch=1777551540&from=searchresults,7.1,48.590014,7.73987
Strasbourg,ibis Strasbourg Centre Historique,https://www.booking.com/hotel/fr/hotel-ibis-strasbourg-centre-historique.fr.html?aid=304142&label=gen173nr-10CAQoggJCEXNlYXJjaF9zdHJhc2JvdXJnSA1YBGhNiAEBmAEzuAEXyAEM2AED6AEB-AEBiAIBqAIBuAKvkc3PBsACAdICJGUzOTM4NjgzLWMxNWItNGU4Ni05OWQ3LTUxZGM2M2E5ZmFiMtgCAeACAQ&ucfs=1&arphpl=1&group_adults=2&req_adults=2&no_rooms=1&group_children=0&req_children=0&hpos=1&hapos=1&sr_order=popularity&srpvid=b7055697fff400cf&srepoch=1777551540&from_sustainable_property_sr=1&from=searchresults,7.2,48.57825013933904,7.735356191436381
